{
  "brand": "SGGOLF",
  "resolution": "1920x1080",
  "version": 1,
  "created_at": "2026-01-16T14:45:12Z",
  "regions": {
    "ball_speed": {
      "x": 0.292708,
      "y": 0.299074,
      "w": 0.111979,
      "h": 0.059259
    },
    "club_speed": {
      "x": 0.214583,
      "y": 0.577778,
      "w": 0.135417,
      "h": 0.125
    },
    "launch_angle": {
      "x": 0.268229,
      "y": 0.424074,
      "w": 0.19375,
      "h": 0.123148
    },
    "back_spin": {
      "x": 0.744271,
      "y": 0.672222,
      "w": 0.169792,
      "h": 0.116667
    },
    "lateral_offset": {
      "x": 0.720313,
      "y": 0.559259,
      "w": 0.144792,
      "h": 0.085185
    },
    "club_path": {
      "x": 0.457813,
      "y": 0.767593,
      "w": 0.223438,
      "h": 0.089815
    },
    "direction_angle": {
      "x": 0.719271,
      "y": 0.747222,
      "w": 0.099479,
      "h": 0.091667
    },
    "side_spin": {
      "x": 0.704688,
      "y": 0.832407,
      "w": 0.078646,
      "h": 0.053704
    },
    "face_angle": {
      "x": 0.610417,
      "y": 0.827778,
      "w": 0.080208,
      "h": 0.05463
    },
    "run_text": {
      "x": 0.28125,
      "y": 0.616667,
      "w": 0.024479,
      "h": 0.025926
    },
    "total_distance": {
      "x": 0.270313,
      "y": 0.553704,
      "w": 0.072917,
      "h": 0.061111
    },
    "carry": {
      "x": 0.351562,
      "y": 0.257407,
      "w": 0.226562,
      "h": 0.183333
    }
  }
}